0,0,0,1668
0,1,10616,124
0,2,4569,31
0,3,4797,994
0,4,10849,463
0,5,2671,1272
0,6,12620,610
0,7,7923,260
0,8,6050,1505
0,9,6755,468
0,10,4805,2249
0,11,1049,7236
0,12,10056,649
0,13,8674,978
0,14,3850,2270
0,15,4318,1203
0,16,3520,2295
0,17,3242,1175
0,18,4707,1427
0,19,2278,5132
0,20,2102,3326
0,21,2480,3644
0,22,13852,233
0,23,15736,14
0,24,17763,102
0,25,10125,245
0,26,5402,1267
0,27,2312,2843
0,28,5619,1016
0,29,7297,578
0,30,12490,134
0,31,7636,331
0,32,2492,3181
0,33,1818,5049
0,34,3547,1212
0,35,4838,2152
0,36,4612,2006
0,37,5788,723
0,38,3655,1953
0,39,3503,2620
0,40,11595,305
0,41,4257,1897
0,42,3276,813
0,43,2660,1878
0,44,1327,868
0,45,4186,1086
0,46,5501,1165
0,47,3621,2792
0,48,8340,441
0,49,1322,2760
0,50,3869,1725
0,51,2862,4609
0,52,7541,612
0,53,6039,841
0,54,9376,454
0,55,7104,953
0,56,16861,195
0,57,15523,315
0,58,5490,1620
0,59,2868,2773
0,60,4490,886
0,61,6721,601
1,0,10632,92
1,1,0,1074
1,2,12497,27
1,3,11671,135
1,4,1627,3814
1,5,11479,64
1,6,3399,2075
1,7,3050,1164
1,8,5137,1437
1,9,5151,843
1,10,6895,668
1,11,9848,385
1,12,3058,2761
1,13,2653,2295
1,14,12065,109
1,15,12561,64
1,16,7596,292
1,17,9664,71
1,18,6162,302
1,19,8563,301
1,20,9124,153
1,21,9550,130
1,22,3308,1438
1,23,6008,25
1,24,8409,208
1,25,1107,3262
1,26,5667,832
1,27,8797,297
1,28,5305,910
1,29,3693,3119
1,30,2013,1185
1,31,3863,1644
1,32,10680,156
1,33,10821,194
1,34,8728,195
1,35,5877,837
1,36,6264,590
1,37,5010,920
1,38,6991,419
1,39,7292,446
1,40,1156,4420
1,41,6803,478
1,42,11961,78
1,43,10014,109
1,44,9461,59
1,45,6568,413
1,46,5359,780
1,47,10511,208
1,48,2914,5597
1,49,11779,136
1,50,7686,355
1,51,7963,516
1,52,3540,2693
1,53,4870,1343
1,54,1787,7803
1,55,3992,1302
1,56,6832,500
1,57,5093,1626
1,58,6752,716
1,59,8720,202
1,60,11861,53
1,61,4410,625
2,0,4592,56
2,1,12186,0
2,2,0,58
2,3,1227,299
2,4,13166,10
2,5,1978,215
2,6,14937,19
2,7,10675,124
2,8,7592,252
2,9,7781,66
2,10,5831,178
2,11,4146,190
2,12,13018,7
2,13,11635,15
2,14,960,263
2,15,291,110
2,16,5107,48
2,17,2903,51
2,18,6549,151
2,19,4864,75
2,20,3933,41
2,21,3256,52
2,22,15422,4
2,23,18195,0
2,24,20369,0
2,25,11695,19
2,26,9296,42
2,27,5744,51
2,28,9163,31
2,29,8936,41
2,30,14199,11
2,31,9039,21
2,32,2893,234
2,33,3108,171
2,34,3845,90
2,35,7473,334
2,36,7560,160
2,37,7643,143
2,38,6110,291
2,39,6378,126
2,40,13165,5
2,41,5912,129
2,42,1323,142
2,43,2800,104
2,44,5491,15
2,45,7803,79
2,46,7353,484
2,47,2067,348
2,48,9910,64
2,49,3337,89
2,50,7091,120
2,51,5228,139
2,52,10360,34
2,53,8858,63
2,54,10946,20
2,55,10642,14
2,56,18989,5
2,57,17206,16
2,58,6248,151
2,59,3988,103
2,60,950,239
2,61,10614,25
3,0,4972,1188
3,1,11292,137
3,2,1252,829
3,3,0,5049
3,4,12428,293
3,5,2600,1991
3,6,14200,310
3,7,10292,725
3,8,6698,4742
3,9,6888,1967
3,10,4938,6301
3,11,4321,4915
3,12,12975,213
3,13,11593,505
3,14,1362,7058
3,15,1361,3617
3,16,4474,3386
3,17,2246,3513
3,18,5906,2331
3,19,4822,2885
3,20,3626,3668
3,21,2955,3404
3,22,14528,158
3,23,17301,5
3,24,19632,62
3,25,10801,375
3,26,9400,1946
3,27,5848,2430
3,28,9120,1657
3,29,8199,1716
3,30,13305,71
3,31,8145,1518
3,32,2868,4125
3,33,3407,3107
3,34,2951,6459
3,35,7148,6105
3,36,7323,4095
3,37,7318,2561
3,38,5785,3327
3,39,6141,3622
3,40,12271,335
3,41,5267,3829
3,42,1955,2084
3,43,2492,4771
3,44,5646,812
3,45,7908,1832
3,46,6711,5354
3,47,1774,19323
3,48,9016,1377
3,49,3717,1909
3,50,7048,2497
3,51,4903,6034
3,52,10124,1252
3,53,8621,1711
3,54,10053,1112
3,55,10600,1177
3,56,18096,124
3,57,16312,222
3,58,5354,7224
3,59,3264,6383
3,60,474,2874
3,61,10719,1007
4,0,10989,445
4,1,1937,4033
4,2,13198,10
4,3,12905,224
4,4,0,18070
4,5,11914,241
4,6,1771,25002
4,7,3414,2572
4,8,6371,2469
4,9,6734,1080
4,10,8129,1278
4,11,10283,992
4,12,1434,19106
4,13,2318,10650
4,14,12767,291
4,15,13262,236
4,16,8738,464
4,17,10805,162
4,18,7304,785
4,19,8998,774
4,20,9793,361
4,21,10532,312
4,22,3074,7849
4,23,5523,176
4,24,7646,1150
4,25,2599,6538
4,26,5635,2282
4,27,9223,911
4,28,5382,1667
4,29,4928,3664
4,30,1709,6108
4,31,5447,1568
4,32,11115,296
4,33,11255,520
4,34,9962,336
4,35,6155,2137
4,36,6534,1272
4,37,5823,1391
4,38,7359,889
4,39,7653,1030
4,40,1710,12771
4,41,7945,882
4,42,12433,141
4,43,10838,212
4,44,9861,179
4,45,6815,935
4,46,6500,1684
4,47,11652,511
4,48,4225,5609
4,49,12186,482
4,50,7970,806
4,51,8398,932
4,52,3446,4575
4,53,4947,2485
4,54,3241,7929
4,55,3898,3095
4,56,6348,2007
4,57,4742,5151
4,58,8335,1374
4,59,9861,371
4,60,12749,159
4,61,4316,1446
5,0,2636,1335
5,1,11280,65
5,2,1975,125
5,3,2238,1513
5,4,11732,273
5,5,0,1189
5,6,13503,272
5,7,8805,234
5,8,6631,1232
5,9,7041,445
5,10,5091,1420
5,11,2207,3489
5,12,11148,265
5,13,9766,385
5,14,1257,2522
5,15,1725,1140
5,16,4113,846
5,17,1969,744
5,18,5555,753
5,19,2995,1579
5,20,2611,1121
5,21,2032,1364
5,22,14515,120
5,23,17121,7
5,24,19147,63
5,25,10789,235
5,26,7357,528
5,27,3805,1064
5,28,7294,450
5,29,7961,391
5,30,13293,72
5,31,8298,279
5,32,1024,1914
5,33,1169,3061
5,34,3104,868
5,35,5717,1094
5,36,5690,899
5,37,6649,558
5,38,4514,1190
5,39,4509,1287
5,40,12259,168
5,41,4918,1129
5,42,682,979
5,43,1764,1186
5,44,3535,424
5,45,5865,649
5,46,6359,1329
5,47,1104,2596
5,48,9004,430
5,49,1381,2206
5,50,5221,788
5,51,3475,1398
5,52,8491,417
5,53,6989,399
5,54,10040,322
5,55,8773,417
5,56,18011,88
5,57,16300,116
5,58,5507,1029
5,59,3010,1494
5,60,1932,1731
5,61,8676,383
6,0,12520,505
6,1,3691,1582
6,2,14973,13
6,3,14660,205
6,4,1962,20861
6,5,13689,231
6,6,0,25518
6,7,5189,1291
6,8,8126,2001
6,9,8485,1070
6,10,9883,1093
6,11,11998,803
6,12,2774,14623
6,13,3997,7191
6,14,14542,301
6,15,15037,290
6,16,10508,473
6,17,12576,175
6,18,9075,710
6,19,10765,681
6,20,11568,314
6,21,12307,335
6,22,1618,10824
6,23,3878,464
6,24,5904,2121
6,25,4353,2539
6,26,7161,1585
6,27,10755,922
6,28,6910,1228
6,29,6682,1546
6,30,1518,7009
6,31,7197,825
6,32,12890,264
6,33,13030,606
6,34,11717,251
6,35,7930,1469
6,36,8216,884
6,37,7598,974
6,38,9134,798
6,39,9335,918
6,40,2903,7358
6,41,9716,725
6,42,14207,141
6,43,12613,214
6,44,11393,111
6,45,8345,742
6,46,8271,1205
6,47,13423,567
6,48,5979,1927
6,49,13718,538
6,50,9502,684
6,51,10173,920
6,52,5128,2547
6,53,6629,1519
6,54,4995,2877
6,55,5425,2150
6,56,4826,3498
6,57,3220,8137
6,58,10086,1162
6,59,11632,352
6,60,14524,154
6,61,5842,986
7,0,7861,285
7,1,3061,1282
7,2,10066,106
7,3,9922,949
7,4,3599,2696
7,5,8781,294
7,6,5370,1441
7,7,0,13519
7,8,4083,7007
7,9,4459,1873
7,10,5841,3021
7,11,7150,1635
7,12,3804,2244
7,13,2425,3923
7,14,9634,525
7,15,10130,372
7,16,5919,1455
7,17,7987,507
7,18,4485,3445
7,19,5865,1727
7,20,6660,1578
7,21,7399,950
7,22,6225,570
7,23,8679,11
7,24,10802,142
7,25,2570,3717
7,26,2617,4505
7,27,6094,950
7,28,2255,7076
7,29,2641,14690
7,30,4863,353
7,31,3171,5332
7,32,7982,1075
7,33,8123,880
7,34,7344,1209
7,35,3022,16565
7,36,3406,7294
7,37,2690,8669
7,38,4227,5055
7,39,4525,3909
7,40,4105,2536
7,41,5126,4661
7,42,9300,225
7,43,7705,998
7,44,6733,322
7,45,3687,3655
7,46,3682,10102
7,47,8666,1587
7,48,1940,12721
7,49,9058,287
7,50,4842,1881
7,51,5266,3767
7,52,656,18416
7,53,1819,15714
7,54,1890,11048
7,55,1436,6284
7,56,9504,389
7,57,7898,731
7,58,6060,2757
7,59,7043,1550
7,60,9616,552
7,61,1636,3879
8,0,5819,1741
8,1,5300,2235
8,2,7361,706
8,3,6533,5786
8,4,6265,4495
8,5,6430,1425
8,6,8036,4222
8,7,4129,8287
8,8,0,37923
8,9,1024,19530
8,10,1757,32291
8,11,5034,9307
8,12,7640,3242
8,13,6260,5288
8,14,6930,3370
8,15,7425,1739
8,16,2783,10788
8,17,4529,2108
8,18,1349,12632
8,19,3750,7692
8,20,4293,4654
8,21,4415,4030
8,22,8535,3957
8,23,11308,127
8,24,13468,1320
8,25,4809,5216
8,26,4153,6400
8,27,3983,6621
8,28,3791,7669
8,29,2035,25214
8,30,7313,1723
8,31,2152,16504
8,32,5619,3885
8,33,5872,4532
8,34,3590,6601
8,35,1371,30992
8,36,1757,17600
8,37,1541,21069
8,38,2178,16466
8,39,2479,16111
8,40,6279,3942
8,41,1990,20631
8,42,6826,1039
8,43,4879,3238
8,44,4647,1587
8,45,2657,8505
8,46,547,26859
8,47,5375,6804
8,48,3024,16750
8,49,6831,1859
8,50,2874,8070
8,51,3150,14131
8,52,4492,9486
8,53,3034,10619
8,54,4060,11501
8,55,5267,6026
8,56,12103,3213
8,57,10320,5953
8,58,1981,27055
8,59,3626,8577
8,60,6723,2567
8,61,5464,3573
9,0,6514,442
9,1,4982,801
9,2,7545,180
9,3,6577,2387
9,4,6607,1505
9,5,6986,560
9,6,8378,1409
9,7,4471,1735
9,8,707,14607
9,9,0,5825
9,10,2462,9214
9,11,5730,2908
9,12,8025,977
9,13,6645,1606
9,14,7330,1357
9,15,7654,762
9,16,3479,3862
9,17,5089,854
9,18,2045,5713
9,19,4446,2168
9,20,4853,1966
9,21,4975,1665
9,22,8217,976
9,23,10990,23
9,24,13362,362
9,25,4491,2014
9,26,4537,1797
9,27,4679,1463
9,28,4175,2149
9,29,2147,9706
9,30,6995,488
9,31,1835,6120
9,32,6179,1585
9,33,6432,1388
9,34,3852,2748
9,35,1759,9213
9,36,2146,5046
9,37,1929,7707
9,38,2873,5826
9,39,3175,4096
9,40,5961,2993
9,41,2686,6732
9,42,7382,351
9,43,5439,1432
9,44,5343,411
9,45,3061,2171
9,46,1241,10618
9,47,5931,3547
9,48,2706,6068
9,49,7391,493
9,50,3569,1889
9,51,3846,5218
9,52,4877,2868
9,53,3419,3366
9,54,3742,4437
9,55,5651,1754
9,56,11785,789
9,57,10002,1839
9,58,1601,9221
9,59,4186,3278
9,60,6767,957
9,61,5849,963
10,0,4270,2483
10,1,7054,855
10,2,5604,425
10,3,4776,6837
10,4,8026,1696
10,5,4673,1585
10,6,9797,1717
10,7,5890,2910
10,8,2460,25122
10,9,2778,10866
10,10,0,24849
10,11,3426,12549
10,12,9402,1331
10,13,8021,2242
10,14,5172,4652
10,15,5668,1697
10,16,1030,14889
10,17,2771,4207
10,18,1504,8963
10,19,2142,11109
10,20,2535,9172
10,21,2658,6680
10,22,10289,1150
10,23,13062,39
10,24,15229,569
10,25,6562,1923
10,26,5912,3600
10,27,2375,6092
10,28,5552,4246
10,29,3797,8173
10,30,9067,700
10,31,3906,5552
10,32,3861,6614
10,33,4115,6612
10,34,1833,10369
10,35,3132,16762
10,36,3515,9831
10,37,3302,10721
10,38,1769,13490
10,39,2394,14018
10,40,8032,1779
10,41,865,12904
10,42,5069,1274
10,43,3121,6068
10,44,3039,1904
10,45,4412,4354
10,46,2308,18593
10,47,3618,10923
10,48,4777,5823
10,49,5073,2305
10,50,3498,5504
10,51,1540,23578
10,52,6253,4738
10,53,4795,5746
10,54,5814,4323
10,55,7028,3211
10,56,13857,983
10,57,12074,1774
10,58,1486,24066
10,59,1869,15813
10,60,4966,2891
10,61,7226,2248
11,0,1194,13413
11,1,9941,759
11,2,4343,154
11,3,4263,4884
11,4,10179,2067
11,5,2491,4813
11,6,11950,1960
11,7,7253,1736
11,8,5323,10857
11,9,6003,3651
11,10,3880,14606
11,11,0,35187
11,12,9527,2103
11,13,8144,3406
11,14,3625,10697
11,15,4093,3511
11,16,2580,14011
11,17,2628,6304
11,18,4018,6047
11,19,1387,29538
11,20,1059,15547
11,21,1753,17655
11,22,13176,1313
11,23,15247,56
11,24,17273,501
11,25,9449,1646
11,26,5149,6132
11,27,1597,21535
11,28,5090,7817
11,29,6621,4124
11,30,11820,609
11,31,6960,2361
11,32,1905,14230
11,33,1433,24866
11,34,2504,8775
11,35,4164,10882
11,36,4083,11454
11,37,5112,4653
11,38,2962,13054
11,39,2956,22427
11,40,10919,1513
11,41,3383,13924
11,42,3050,3170
11,43,2046,11065
11,44,1394,6991
11,45,3657,9051
11,46,4822,8215
11,47,3007,14540
11,48,7664,3541
11,49,1965,11657
11,50,3340,11574
11,51,1922,23753
11,52,6939,4643
11,53,5436,4645
11,54,8701,3175
11,55,6575,6602
11,56,16371,1061
11,57,14853,1615
11,58,4470,8814
11,59,1825,20139
11,60,3957,3952
11,61,6468,4401
12,0,10220,754
12,1,3211,2416
12,2,13022,15
12,3,12878,221
12,4,1467,18695
12,5,11476,317
12,6,2723,17255
12,7,3708,2370
12,8,7646,1841
12,9,8009,891
12,10,9404,989
12,11,9697,1089
12,12,0,20338
12,13,1690,26149
12,14,12590,496
12,15,13059,406
12,16,9346,530
12,17,11106,190
12,18,7912,882
12,19,8461,853
12,20,9660,333
12,21,10355,298
12,22,4209,4968
12,23,6127,305
12,24,8153,1535
12,25,3874,4022
12,26,4860,3984
12,27,8454,1154
12,28,4609,4079
12,29,6202,2160
12,30,2843,4149
12,31,6721,1084
12,32,10840,272
12,33,10744,680
12,34,10754,333
12,35,6449,1597
12,36,5911,1126
12,37,6117,948
12,38,7654,974
12,39,7031,1102
12,40,2987,8362
12,41,8553,937
12,42,12016,170
12,43,10661,222
12,44,9092,244
12,45,6044,1242
12,46,7109,1212
12,47,11622,567
12,48,5500,3678
12,49,11417,915
12,50,7201,1063
12,51,8693,1006
12,52,3154,8849
12,53,4652,3011
12,54,4515,5324
12,55,3124,10646
12,56,7251,2277
12,57,5834,4795
12,58,9610,932
12,59,10299,335
12,60,12572,224
12,61,3542,4323
13,0,8678,942
13,1,2871,1974
13,2,11800,22
13,3,11657,497
13,4,2175,11849
13,5,10060,363
13,6,3946,9287
13,7,2493,3423
13,8,6437,3333
13,9,6819,1295
13,10,8194,1815
13,11,8155,1719
13,12,1382,29629
13,13,0,21629
13,14,11175,755
13,15,11643,561
13,16,8126,780
13,17,9884,247
13,18,6693,1360
13,19,7202,1597
13,20,8439,656
13,21,9134,523
13,22,5181,2504
13,23,7509,160
13,24,9536,1088
13,25,3150,6048
13,26,3318,5402
13,27,6912,2048
13,28,3067,7395
13,29,5013,5343
13,30,3816,1970
13,31,5532,2637
13,32,9455,415
13,33,9202,975
13,34,9533,495
13,35,5229,3696
13,36,4690,3167
13,37,4898,2087
13,38,6434,1686
13,39,5809,2000
13,40,3507,5398
13,41,7334,2204
13,42,10600,238
13,43,9440,304
13,44,7550,551
13,45,4502,2573
13,46,5889,2109
13,47,10401,924
13,48,4310,6305
13,49,9875,936
13,50,5659,1862
13,51,7473,1648
13,52,1933,16815
13,53,3430,7496
13,54,3326,11272
13,55,1583,15307
13,56,8454,1639
13,57,6849,3099
13,58,8418,1531
13,59,9078,663
13,60,11351,347
13,61,2000,6307
14,0,3861,2583
14,1,11807,168
14,2,881,176
14,3,1307,5597
14,4,12717,394
14,5,1248,3019
14,6,14488,432
14,7,9944,586
14,8,7158,3118
14,9,7473,1263
14,10,5523,4032
14,11,3416,9628
14,12,12287,470
14,13,10905,927
14,14,0,3304
14,15,631,2153
14,16,4658,2376
14,17,2454,1949
14,18,6100,1772
14,19,4134,4077
14,20,3484,2770
14,21,2807,3924
14,22,15042,267
14,23,17797,4
14,24,19920,107
14,25,11315,323
14,26,8565,2747
14,27,5013,3593
14,28,8432,2114
14,29,8487,1015
14,30,13820,140
14,31,8730,776
14,32,2163,5062
14,33,2377,7471
14,34,3536,3251
14,35,6856,4925
14,36,6829,4417
14,37,7194,1643
14,38,5653,3319
14,39,5648,4713
14,40,12785,291
14,41,5463,2971
14,42,593,2003
14,43,2351,3888
14,44,4760,1570
14,45,7073,2710
14,46,6904,3305
14,47,1618,11556
14,48,9530,970
14,49,2606,3891
14,50,6360,3124
14,51,4613,4812
14,52,9630,1503
14,53,8127,1684
14,54,10567,853
14,55,9912,1837
14,56,18610,220
14,57,16826,335
14,58,5939,4234
14,59,3538,4267
14,60,757,3022
14,61,9884,1596
15,0,4343,1220
15,1,12326,71
15,2,250,49
15,3,1477,2718
15,4,13236,239
15,5,1730,1247
15,6,15007,315
15,7,10426,300
15,8,7677,1698
15,9,7992,701
15,10,6042,1767
15,11,3897,3140
15,12,12769,341
15,13,11386,429
15,14,668,2343
15,15,0,809
15,16,5177,786
15,17,2973,553
15,18,6620,925
15,19,4615,1639
15,20,4003,782
15,21,3326,1082
15,22,15561,128
15,23,18316,9
15,24,20439,40
15,25,11835,197
15,26,9047,1214
15,27,5495,1408
15,28,8914,1039
15,29,9007,516
15,30,14339,94
15,31,9249,391
15,32,2645,1432
15,33,2859,2301
15,34,4055,1040
15,35,7337,2016
15,36,7311,2020
15,37,7714,821
15,38,6134,1403
15,39,6129,2084
15,40,13305,126
15,41,5982,1281
15,42,1074,1496
15,43,2870,1022
15,44,5242,682
15,45,7554,1209
15,46,7424,1832
15,47,2137,3434
15,48,10050,500
15,49,3088,1715
15,50,6842,1353
15,51,5095,1512
15,52,10111,828
15,53,8609,759
15,54,11086,457
15,55,10393,917
15,56,19129,199
15,57,17346,180
15,58,6459,1623
15,59,4058,1237
15,60,1037,1926
15,61,10365,863
16,0,3386,2585
16,1,7739,460
16,2,4900,155
16,3,4262,4198
16,4,8650,1023
16,5,3969,1163
16,6,10421,1130
16,7,6296,1519
16,8,3091,12810
16,9,3792,5292
16,10,1648,19660
16,11,2445,13338
16,12,9347,988
16,13,7966,1377
16,14,4469,2753
16,15,4964,799
16,16,0,9917
16,17,2067,3582
16,18,2128,7137
16,19,1204,12227
16,20,1528,9468
16,21,1954,7404
16,22,10975,721
16,23,13730,26
16,24,15853,288
16,25,7248,1098
16,26,5840,2518
16,27,2301,6628
16,28,5494,2783
16,29,4420,3637
16,30,9752,416
16,31,4759,2486
16,32,3157,5300
16,33,3390,5309
16,34,1424,9769
16,35,3061,10265
16,36,3443,5735
16,37,3232,4802
16,38,1698,10616
16,39,2322,11936
16,40,8718,730
16,41,1488,11688
16,42,4365,867
16,43,2417,5502
16,44,2102,2305
16,45,4340,3338
16,46,2932,8733
16,47,2914,9188
16,48,5463,2970
16,49,4349,2396
16,50,3425,3826
16,51,817,16343
16,52,6200,3090
16,53,4740,3917
16,54,6499,2339
16,55,6973,2151
16,56,14542,731
16,57,12759,1313
16,58,2351,18908
16,59,1123,16628
16,60,4451,1385
16,61,7158,1466
17,0,3294,1152
17,1,9352,146
17,2,3457,98
17,3,2728,3676
17,4,10262,265
17,5,2526,946
17,6,12034,276
17,7,8126,504
17,8,4704,2451
17,9,5218,1108
17,10,3198,4972
17,11,2522,6519
17,12,11158,234
17,13,9775,355
17,14,3026,2479
17,15,3521,638
17,16,2308,3632
17,17,0,1752
17,18,3740,1641
17,19,3004,3583
17,20,1764,4469
17,21,1094,3725
17,22,12588,192
17,23,15343,4
17,24,17466,129
17,25,8861,283
17,26,7601,898
17,27,4049,1679
17,28,7303,947
17,29,6033,911
17,30,11365,90
17,31,6372,767
17,32,1841,4565
17,33,2099,4281
17,34,1281,4844
17,35,4909,3074
17,36,5291,1927
17,37,5080,1512
17,38,3546,2746
17,39,4170,3223
17,40,10331,208
17,41,3101,3181
17,42,2922,800
17,43,991,2894
17,44,3846,733
17,45,6109,938
17,46,4545,2605
17,47,1471,8184
17,48,7076,946
17,49,3023,1580
17,50,5231,1079
17,51,2664,6545
17,52,8048,1063
17,53,6588,1226
17,54,8112,702
17,55,8782,782
17,56,16155,180
17,57,14372,338
17,58,3685,4005
17,59,1084,6546
17,60,2918,1487
17,61,8920,632
18,0,4529,1576
18,1,6316,546
18,2,6334,408
18,3,5695,3211
18,4,7226,1324
18,5,5316,950
18,6,8997,1525
18,7,4865,4443
18,8,1667,16456
18,9,2370,8019
18,10,1502,10396
18,11,3685,6353
18,12,7916,1417
18,13,6535,2577
18,14,5902,2226
18,15,6398,1250
18,16,1433,7468
18,17,3501,1760
18,18,0,6350
18,19,2400,7145
18,20,2961,3744
18,21,3387,2661
18,22,9551,984
18,23,12306,32
18,24,14429,379
18,25,5824,1375
18,26,4412,4353
18,27,2634,6480
18,28,4064,4483
18,29,2996,7106
18,30,8329,470
18,31,3335,4178
18,32,4517,3004
18,33,4658,3100
18,34,2858,3467
18,35,1628,27033
18,36,2012,13358
18,37,1799,15310
18,38,902,10534
18,39,1207,16392
18,40,7294,1155
18,41,641,9632
18,42,5798,618
18,43,3851,2686
18,44,3298,1389
18,45,2911,6164
18,46,1508,23984
18,47,4348,4526
18,48,4039,4088
18,49,5616,1607
18,50,1998,7593
18,51,1801,12616
18,52,4769,4843
18,53,3309,6638
18,54,5076,2994
18,55,5542,2873
18,56,13119,815
18,57,11336,1334
18,58,1732,17304
18,59,2557,4647
18,60,5884,1981
18,61,5730,2078
19,0,2195,5887
19,1,8712,517
19,2,4768,109
19,3,4625,3482
19,4,8946,1401
19,5,3015,1916
19,6,10717,1291
19,7,6020,1857
19,8,4141,7919
19,9,4845,2591
19,10,2703,12823
19,11,1384,25966
19,12,8153,1537
19,13,6771,2884
19,14,4129,4730
19,15,4598,2113
19,16,1352,12351
19,17,2953,3753
19,18,2790,7123
19,19,0,16111
19,20,1407,11662
19,21,2101,11366
19,22,11948,701
19,23,14281,49
19,24,16307,236
19,25,8221,1194
19,26,4640,6948
19,27,1097,17214
19,28,4298,7701
19,29,5393,4029
19,30,10587,292
19,31,5732,2239
19,32,2379,7311
19,33,2357,11008
19,34,2601,5834
19,35,2935,15698
19,36,2709,15179
19,37,3884,5308
19,38,1733,13305
19,39,1587,30110
19,40,9691,873
19,41,2155,16169
19,42,3555,1533
19,43,2407,5758
19,44,897,4980
19,45,3140,10049
19,46,3594,8079
19,47,3368,8702
19,48,6436,3296
19,49,3315,5268
19,50,2226,11997
19,51,694,19528
19,52,5638,6153
19,53,4136,7525
19,54,7472,2657
19,55,5778,5451
19,56,15225,629
19,57,13620,977
19,58,3536,8392
19,59,2146,12018
19,60,4318,2036
19,61,5959,3770
20,0,1948,5298
20,1,8999,327
20,2,3966,90
20,3,3823,4189
20,4,9738,695
20,5,2682,1758
20,6,11509,656
20,7,6812,1248
20,8,4351,5089
20,9,5031,2142
20,10,2907,10437
20,11,1051,18290
20,12,9393,599
20,13,8011,1157
20,14,3535,3464
20,15,4030,1092
20,16,1691,10270
20,17,1883,4300
20,18,3134,3897
20,19,1240,12331
20,20,0,8633
20,21,1300,9099
20,22,12235,436
20,23,14990,9
20,24,17113,205
20,25,8508,844
20,26,5881,2302
20,27,2338,6301
20,28,5539,2485
20,29,5680,2653
20,30,11012,184
20,31,6019,1749
20,32,1883,8923
20,33,2023,8568
20,34,1531,8694
20,35,3723,8187
20,36,3697,4769
20,37,4228,3612
20,38,2520,7414
20,39,2515,11084
20,40,9978,785
20,41,2497,8887
20,42,3200,1153
20,43,1606,8257
20,44,2136,2936
20,45,4381,3118
20,46,3938,6405
20,47,2567,11397
20,48,6723,2254
20,49,2982,3963
20,50,3466,3438
20,51,1481,15399
20,52,6498,3425
20,53,4995,4011
20,54,7759,2041
20,55,7018,1672
20,56,15802,470
20,57,14019,727
20,58,3497,7365
20,59,1076,13049
20,60,3517,1883
20,61,7200,1470
21,0,2372,3877
21,1,9683,393
21,2,3247,88
21,3,3023,4222
21,4,10536,718
21,5,2115,1694
21,6,12308,760
21,7,7610,1009
21,8,5035,5295
21,9,5673,2108
21,10,3592,8095
21,11,1463,17389
21,12,10113,562
21,13,8730,1035
21,14,2815,5121
21,15,3311,1142
21,16,2516,8785
21,17,1045,3741
21,18,3959,2958
21,19,1959,10693
21,20,1112,7607
21,21,0,5525
21,22,12919,536
21,23,15674,11
21,24,17797,184
21,25,9192,770
21,26,6538,1985
21,27,2986,6114
21,28,6258,2533
21,29,6364,2265
21,30,11697,214
21,31,6703,1549
21,32,1203,6932
21,33,1457,10361
21,34,1744,7504
21,35,4522,5325
21,36,4495,4155
21,37,5053,3178
21,38,3319,6111
21,39,3314,8557
21,40,10662,638
21,41,3322,6845
21,42,2520,1556
21,43,463,5516
21,44,2783,2139
21,45,5046,2809
21,46,4763,5308
21,47,1675,11518
21,48,7407,2150
21,49,2415,3519
21,50,4186,3245
21,51,2280,12314
21,52,7296,2435
21,53,5793,2591
21,54,8444,1728
21,55,7737,2275
21,56,16487,451
21,57,14703,602
21,58,4139,6047
21,59,1413,11908
21,60,2797,2457
21,61,7857,1524
22,0,13649,231
22,1,3451,1116
22,2,15420,5
22,3,14452,180
22,4,3009,6463
22,5,14496,116
22,6,1640,9517
22,7,6179,501
22,8,8155,1667
22,9,7875,841
22,10,9912,777
22,11,12865,446
22,12,4195,4385
22,13,5193,2047
22,14,15083,176
22,15,15529,76
22,16,10614,332
22,17,12681,83
22,18,9180,515
22,19,11581,324
22,20,12142,226
22,21,12568,184
22,22,0,6632
22,23,3127,288
22,24,5144,1801
22,25,3830,1683
22,26,8510,647
22,27,11814,365
22,28,8257,552
22,29,6823,1222
22,30,1439,4613
22,31,6587,798
22,32,13698,141
22,33,13838,271
22,34,11727,259
22,35,8894,666
22,36,9281,434
22,37,8028,654
22,38,10009,432
22,39,10310,432
22,40,2293,5145
22,41,9821,484
22,42,14979,67
22,43,13031,122
22,44,12478,57
22,45,9585,324
22,46,8377,821
22,47,13528,381
22,48,5638,1899
22,49,14797,166
22,50,10704,302
22,51,10981,472
22,52,6321,1276
22,53,7822,795
22,54,4511,2385
22,55,6773,851
22,56,3567,3280
22,57,1784,10033
22,58,9476,859
22,59,11737,290
22,60,14642,93
22,61,7192,386
23,0,17583,14
23,1,7391,14
23,2,19295,0
23,3,18326,2
23,4,6919,181
23,5,18436,4
23,6,5417,374
23,7,10110,21
23,8,12094,55
23,9,11814,16
23,10,13852,15
23,11,16805,19
23,12,7940,212
23,13,9102,101
23,14,19022,8
23,15,19404,5
23,16,14553,4
23,17,16621,2
23,18,13120,29
23,19,15521,8
23,20,16082,7
23,21,16508,3
23,22,4134,232
23,23,0,88
23,24,3977,229
23,25,7770,50
23,26,12223,61
23,27,15754,24
23,28,11972,27
23,29,10763,20
23,30,5379,133
23,31,10527,22
23,32,17637,0
23,33,17778,16
23,34,15602,9
23,35,12834,32
23,36,13221,18
23,37,11967,18
23,38,13948,15
23,39,14249,23
23,40,6233,89
23,41,13761,5
23,42,18919,7
23,43,16971,1
23,44,16418,8
23,45,13407,32
23,46,12316,29
23,47,17468,4
23,48,9577,57
23,49,18737,23
23,50,14564,23
23,51,14921,25
23,52,10231,38
23,53,11732,21
23,54,8451,67
23,55,10488,36
23,56,2400,524
23,57,2430,630
23,58,13415,15
23,59,15677,8
23,60,18516,4
23,61,10905,24
24,0,17678,87
24,1,8570,138
24,2,20337,2
24,3,19571,58
24,4,7633,856
24,5,19042,66
24,6,5861,1748
24,7,10840,113
24,8,13274,511
24,9,12994,214
24,10,15031,213
24,11,17155,151
24,12,8035,1232
24,13,9259,821
24,14,19905,49
24,15,20401,45
24,16,15733,96
24,17,17800,58
24,18,14299,164
24,19,16026,142
24,20,16976,93
24,21,17670,56
24,22,5313,1396
24,23,2844,241
24,24,0,3809
24,25,8949,276
24,26,12318,234
24,27,15912,125
24,28,12067,136
24,29,11882,361
24,30,6375,635
24,31,11706,176
24,32,18254,61
24,33,18202,102
24,34,16846,64
24,35,13629,228
24,36,13477,119
24,37,13147,204
24,38,14834,147
24,39,14596,127
24,40,7412,697
24,41,14940,174
24,42,19571,12
24,43,17976,22
24,44,16550,30
24,45,13502,132
24,46,13496,255
24,47,18647,94
24,48,10757,471
24,49,18875,96
24,50,14659,84
24,51,15873,228
24,52,10390,289
24,53,11891,177
24,54,9630,492
24,55,10583,242
24,56,1580,6259
24,57,3515,4631
24,58,14595,258
24,59,16856,83
24,60,19761,40
24,61,11000,165
25,0,10270,234
25,1,491,3877
25,2,12134,51
25,3,11202,443
25,4,2118,7573
25,5,11117,222
25,6,3889,3467
25,7,2878,3035
25,8,4775,3545
25,9,4625,1860
25,10,6533,1597
25,11,9485,835
25,12,3548,4758
25,13,3143,5580
25,14,11703,259
25,15,12198,232
25,16,7234,585
25,17,9301,179
25,18,5800,836
25,19,8201,773
25,20,8762,579
25,21,9188,343
25,22,3793,2417
25,23,6499,70
25,24,8901,537
25,25,0,7180
25,26,5496,2727
25,27,8434,812
25,28,5134,2695
25,29,3443,9659
25,30,2504,1780
25,31,3337,5771
25,32,10318,301
25,33,10458,440
25,34,8366,474
25,35,5515,2836
25,36,5902,2145
25,37,4648,2823
25,38,6629,1056
25,39,6930,1336
25,40,1536,12142
25,41,6441,1138
25,42,11599,96
25,43,9652,265
25,44,9098,151
25,45,6205,1112
25,46,4997,2446
25,47,10148,789
25,48,2258,19410
25,49,11417,322
25,50,7324,763
25,51,7601,1243
25,52,3369,8974
25,53,4698,4321
25,54,1131,20929
25,55,3820,3646
25,56,7324,1226
25,57,5577,3448
25,58,6226,1907
25,59,8357,570
25,60,11392,122
25,61,4239,1994
26,0,5446,1473
26,1,5725,819
26,2,9342,25
26,3,9262,2319
26,4,5540,2400
26,5,7509,791
26,6,7233,1825
26,7,2684,4447
26,8,4164,4979
26,9,4551,1524
26,10,5919,3092
26,11,5604,5048
26,12,4746,4782
26,13,3364,7745
26,14,8624,3260
26,15,9092,2065
26,16,5849,2026
26,17,7600,799
26,18,4419,3542
26,19,4650,5315
26,20,6057,2137
26,21,6752,1805
26,22,8545,779
26,23,10334,32
26,24,12360,410
26,25,5240,2563
26,26,0,17236
26,27,3744,6461
26,28,525,19381
26,29,2762,8193
26,30,7180,447
26,31,3310,4071
26,32,6904,1445
26,33,6651,1871
26,34,7248,1246
26,35,2953,13057
26,36,2407,18804
26,37,2627,5770
26,38,4155,4411
26,39,3527,8300
26,40,6777,1905
26,41,5057,5386
26,42,8049,1209
26,43,7045,1088
26,44,4319,2129
26,45,1649,15922
26,46,3616,4344
26,47,8006,2946
26,48,3789,7595
26,49,6643,1825
26,50,3108,10232
26,51,5194,5068
26,52,2298,26982
26,53,1162,25389
26,54,4566,6956
26,55,1847,22038
26,56,11458,804
26,57,10213,2123
26,58,6145,2164
26,59,6794,1955
26,60,8956,1093
26,61,1318,18585
27,0,2469,3475
27,1,8489,354
27,2,5912,74
27,3,5832,2316
27,4,8722,1141
27,5,4079,1347
27,6,10494,1341
27,7,5796,1089
27,8,3923,6021
27,9,4628,1652
27,10,2494,5550
27,11,2174,18415
27,12,7929,1442
27,13,6547,2496
27,14,5193,3879
27,15,5662,2203
27,16,2422,4932
27,17,4171,1586
27,18,2578,6820
27,19,1220,12530
27,20,2627,5725
27,21,3322,5475
27,22,11725,521
27,23,13649,40
27,24,15675,182
27,25,7998,896
27,26,3552,6403
27,27,0,6710
27,28,3492,7018
27,29,5170,2748
27,30,10363,227
27,31,5509,1560
27,32,3474,3209
27,33,3220,5992
27,34,3820,2219
27,35,2711,10770
27,36,2485,12609
27,37,3661,3531
27,38,1522,8867
27,39,1373,15100
27,40,9468,700
27,41,1946,10220
27,42,4619,1185
27,43,3615,2361
27,44,1342,3946
27,45,2059,10215
27,46,3374,5257
27,47,4576,3941
27,48,6213,2065
27,49,3666,3504
27,50,1743,10584
27,51,1765,11603
27,52,5414,3737
27,53,3912,4536
27,54,7250,1874
27,55,4977,4658
27,56,14773,532
27,57,13396,836
27,58,3350,3478
27,59,3365,4715
27,60,5526,1323
27,61,4870,3368
28,0,5610,1128
28,1,5374,907
28,2,8825,32
28,3,8746,2083
28,4,5243,2248
28,5,6992,552
28,6,7014,1572
28,7,2322,6502
28,8,3643,6370
28,9,4028,2211
28,10,5401,3250
28,11,5088,5450
28,12,4450,5429
28,13,3068,9724
28,14,8107,2387
28,15,8575,1274
28,16,5332,2219
28,17,7083,828
28,18,3899,3795
28,19,4134,6215
28,20,5541,2116
28,21,6235,1902
28,22,8249,799
28,23,10578,55
28,24,12604,330
28,25,4883,2519
28,26,682,20578
28,27,3844,7384
28,28,0,27914
28,29,2237,12378
28,30,6884,496
28,31,2785,5331
28,32,6387,1400
28,33,6134,2127
28,34,6732,1464
28,35,2434,18990
28,36,1890,21410
28,37,2103,8678
28,38,3638,5741
28,39,3010,10865
28,40,6418,2079
28,41,4540,5770
28,42,7532,708
28,43,6528,1233
28,44,4482,1330
28,45,1434,19459
28,46,3095,6339
28,47,7489,2537
28,48,3425,9787
28,49,6807,1248
28,50,2591,12047
28,51,4677,5693
28,52,1936,39912
28,53,637,34067
28,54,4203,8920
28,55,2075,27695
28,56,11522,815
28,57,9917,1469
28,58,5625,2853
28,59,6277,2241
28,60,8439,753
28,61,1999,17655
29,0,6938,778
29,1,3528,3841
29,2,8803,143
29,3,7977,2196
29,4,4937,4703
29,5,7785,386
29,6,6708,2616
29,7,2800,10777
29,8,1443,26280
29,9,1829,10137
29,10,3201,9045
29,11,6154,3558
29,12,6367,2664
29,13,5024,5669
29,14,8371,1066
29,15,8867,568
29,16,3902,3092
29,17,5970,773
29,18,2469,5670
29,19,4870,4106
29,20,5431,2658
29,21,5857,1597
29,22,6763,2103
29,23,9536,43
29,24,11908,780
29,25,3036,10499
29,26,2917,9481
29,27,5103,3062
29,28,2555,14115
29,29,0,25992
29,30,5541,974
29,31,548,23844
29,32,6987,1444
29,33,7127,1517
29,34,5034,2629
29,35,2183,22283
29,36,2570,14741
29,37,1317,21690
29,38,3297,6538
29,39,3598,8407
29,40,4507,7599
29,41,3110,7692
29,42,8268,364
29,43,6320,1594
29,44,5767,921
29,45,2874,8574
29,46,1665,19736
29,47,6817,3112
29,48,1251,41843
29,49,8086,843
29,50,3993,4205
29,51,4270,6625
29,52,3256,25091
29,53,1799,25788
29,54,2288,31015
29,55,4031,9827
29,56,10331,2163
29,57,8548,3545
29,58,3425,7812
29,59,5026,3087
29,60,8167,699
29,61,4229,6900
30,0,12501,128
30,1,2571,885
30,2,14366,24
30,3,13541,64
30,4,1646,5195
30,5,13348,46
30,6,1504,5486
30,7,4815,345
30,8,7007,963
30,9,7003,536
30,10,8764,444
30,11,11717,216
30,12,2832,3375
30,13,3830,1562
30,14,13935,80
30,15,14430,65
30,16,9466,167
30,17,11533,46
30,18,8032,268
30,19,10433,172
30,20,10994,135
30,21,11420,93
30,22,1403,3854
30,23,3995,146
30,24,6396,797
30,25,2958,1421
30,26,7147,361
30,27,10666,156
30,28,6894,387
30,29,5563,700
30,30,0,2302
30,31,5715,504
30,32,12550,63
30,33,12690,159
30,34,10598,107
30,35,7667,375
30,36,8046,240
30,37,6880,331
30,38,8861,253
30,39,9162,192
30,40,1422,4851
30,41,8673,331
30,42,13831,30
30,43,11883,83
30,44,11330,35
30,45,8327,184
30,46,7229,392
30,47,12380,217
30,48,4766,1409
30,49,13649,103
30,50,9482,130
30,51,9833,263
30,52,4958,778
30,53,6459,369
30,54,3639,1680
30,55,5410,624
30,56,4819,1503
30,57,3188,4233
30,58,8604,597
30,59,10589,132
30,60,13731,54
30,61,5828,213
31,0,7471,339
31,1,3669,1983
31,2,8833,46
31,3,7864,1897
31,4,5295,2271
31,5,8274,299
31,6,7067,1428
31,7,3172,4008
31,8,1976,13624
31,9,1287,6207
31,10,3734,5065
31,11,6687,1444
31,12,6726,1435
31,13,5422,3156
31,14,8618,655
31,15,8942,394
31,16,4435,1830
31,17,6376,551
31,18,3001,3260
31,19,5402,1736
31,20,5963,1407
31,21,6263,836
31,22,6658,1086
31,23,9677,34
31,24,11802,322
31,25,3177,5923
31,26,3468,4387
31,27,5635,1422
31,28,3106,5438
31,29,1027,20867
31,30,5682,699
31,31,0,14274
31,32,7466,831
31,33,7659,656
31,34,5140,1672
31,35,2716,10118
31,36,3103,6450
31,37,1849,10373
31,38,3830,3275
31,39,4131,3482
31,40,4401,4823
31,41,3642,3492
31,42,8669,172
31,43,6726,836
31,44,6300,296
31,45,3407,2862
31,46,2198,8130
31,47,7219,2351
31,48,1417,26448
31,49,8618,569
31,50,4525,1629
31,51,4802,3818
31,52,3808,10728
31,53,2350,9340
31,54,2241,19638
31,55,4582,4108
31,56,10226,1187
31,57,8442,3043
31,58,2888,6304
31,59,5474,1576
31,60,8054,410
31,61,4780,2878
32,0,2534,3965
32,1,10388,284
32,2,2648,180
32,3,2505,4186
32,4,10839,534
32,5,1193,2176
32,6,12610,583
32,7,7913,1072
32,8,5739,5008
32,9,6377,2018
32,10,4296,7231
32,11,1761,16086
32,12,10415,444
32,13,9033,774
32,14,2007,6201
32,15,2631,1592
32,16,3221,5647
32,17,1276,4124
32,18,4663,2968
32,19,2262,7798
32,20,1708,7043
32,21,1027,6218
32,22,13623,308
32,23,16229,6
32,24,18255,121
32,25,9896,539
32,26,6841,1584
32,27,3289,4005
32,28,6561,1920
32,29,7068,1715
32,30,12401,176
32,31,7407,1168
32,32,0,4827
32,33,732,9891
32,34,2448,6400
32,35,4824,5430
32,36,4798,3441
32,37,5757,3065
32,38,3622,5837
32,39,3616,6219
32,40,11366,496
32,41,4026,5246
32,42,1588,2092
32,43,799,4901
32,44,3086,1755
32,45,5348,2285
32,46,5467,5890
32,47,1260,12517
32,48,8111,1497
32,49,1515,5116
32,50,4488,2769
32,51,2582,8600
32,52,7599,1814
32,53,6096,2645
32,54,9148,1147
32,55,8040,1618
32,56,17118,213
32,57,15408,405
32,58,4843,5444
32,59,2118,10760
32,60,2199,3736
32,61,8159,1160
33,0,1815,7405
33,1,10880,448
33,2,3018,136
33,3,3199,3391
33,4,11124,1089
33,5,1151,3456
33,6,12895,1299
33,7,8198,1013
33,8,6231,5858
33,9,6911,1904
33,10,4788,7465
33,11,1063,24820
33,12,10541,1240
33,13,9159,1850
33,14,2300,8718
33,15,2768,2611
33,16,3525,5460
33,17,1996,3252
33,18,4963,2726
33,19,2387,12549
33,20,2004,6884
33,21,1583,8598
33,22,14115,750
33,23,16311,13
33,24,18337,262
33,25,10388,909
33,26,6213,2773
33,27,2661,8347
33,28,6154,3365
33,29,7560,1837
33,30,12765,406
33,31,7899,1229
33,32,757,7736
33,33,0,10240
33,34,3027,5112
33,35,5109,4006
33,36,5083,4743
33,37,6057,2426
33,38,3907,5612
33,39,3901,9020
33,40,11858,825
33,41,4328,5864
33,42,1725,2853
33,43,1452,6699
33,44,2458,2919
33,45,4721,3977
33,46,5767,4219
33,47,1980,10287
33,48,8603,1803
33,49,958,7235
33,50,4404,5305
33,51,2867,8738
33,52,7884,2403
33,53,6381,2278
33,54,9640,1603
33,55,7638,3350
33,56,17403,508
33,57,15798,750
33,58,5378,4826
33,59,2610,9301
33,60,2893,3845
33,61,7532,1947
34,0,3343,1255
34,1,8595,323
34,2,3911,237
34,3,2942,7372
34,4,9505,557
34,5,3285,1077
34,6,11276,505
34,7,7369,1088
34,8,3946,6789
34,9,4354,2563
34,10,2306,10345
34,11,2311,8576
34,12,10789,441
34,13,9406,721
34,14,3696,3711
34,15,4020,1171
34,16,1551,8578
34,17,1259,4095
34,18,2983,3151
34,19,2635,5765
34,20,1395,7385
34,21,1372,6283
34,22,11830,376
34,23,14585,7
34,24,16708,176
34,25,8104,712
34,26,7276,1306
34,27,3733,2697
34,28,6934,1988
34,29,5276,2652
34,30,10608,167
34,31,5513,1717
34,32,2576,6295
34,33,2829,5577
34,34,0,6331
34,35,4504,6012
34,36,4885,3495
34,37,4674,3733
34,38,3141,5045
34,39,3764,5584
34,40,9574,663
34,41,2344,5673
34,42,3681,1187
34,43,1762,6963
34,44,3531,942
34,45,5776,1886
34,46,3787,5285
34,47,2230,13116
34,48,6319,2425
34,49,3782,1267
34,50,4861,1922
34,51,2259,11509
34,52,7643,2197
34,53,6182,2645
34,54,7355,1665
34,55,8413,1407
34,56,15398,284
34,57,13615,536
34,58,2821,9886
34,59,583,10273
34,60,3133,2023
34,61,8595,991
35,0,4841,2424
35,1,5781,1222
35,2,7043,401
35,3,6900,6290
35,4,6484,2900
35,5,5759,1184
35,6,8255,2256
35,7,3558,10729
35,8,1212,26481
35,9,1917,10047
35,10,2968,14888
35,11,4127,13710
35,12,6609,2577
35,13,5228,5262
35,14,6612,5937
35,15,7107,2477
35,16,2898,9810
35,17,4966,2890
35,18,1466,18097
35,19,2843,15164
35,20,3638,9544
35,21,4377,6112
35,22,9016,1078
35,23,11771,55
35,24,13894,395
35,25,5290,3489
35,26,3105,13264
35,27,3071,10724
35,28,2756,20662
35,29,2462,21296
35,30,7794,507
35,31,2801,10234
35,32,4960,6324
35,33,5100,5303
35,34,4323,6309
35,35,0,30228
35,36,705,20370
35,37,952,23648
35,38,1204,28440
35,39,1504,26368
35,40,6760,2287
35,41,2106,28888
35,42,6277,1620
35,43,4683,5859
35,44,3714,3240
35,45,1605,18476
35,46,662,27713
35,47,5644,10047
35,48,3505,13742
35,49,6038,2473
35,50,1823,13523
35,51,2243,30197
35,52,3462,30318
35,53,2002,37789
35,54,4541,9961
35,55,4235,12549
35,56,12584,1054
35,57,10801,1515
35,58,3192,15416
35,59,4022,10272
35,60,6594,3382
35,61,4423,9034
36,0,4455,2270
36,1,6326,850
36,2,7110,252
36,3,6967,4664
36,4,6559,1944
36,5,5565,1080
36,6,8330,1626
36,7,3633,6471
36,8,1758,17499
36,9,2463,6053
36,10,3513,10280
36,11,3932,12282
36,12,5911,1985
36,13,4529,4449
36,14,6679,5228
36,15,7147,2701
36,16,3443,6860
36,17,5194,2062
36,18,2011,12765
36,19,2549,18876
36,20,3749,6822
36,21,4444,4939
36,22,9561,741
36,23,11948,58
36,24,13975,265
36,25,5834,2294
36,26,2409,16926
36,27,2689,14679
36,28,2057,22495
36,29,3006,13193
36,30,8200,334
36,31,3345,6644
36,32,4929,3956
36,33,4906,4431
36,34,4842,3937
36,35,546,21810
36,36,0,20277
36,37,1497,14866
36,38,1749,17965
36,39,1119,27182
36,40,7304,1621
36,41,2650,21221
36,42,6105,1397
36,43,4750,3458
36,44,3327,3298
36,45,916,16097
36,46,1208,20719
36,47,5711,7370
36,48,4049,9069
36,49,5652,2375
36,50,1436,11266
36,51,2788,20251
36,52,3251,21896
36,53,1748,26049
36,54,5086,7036
36,55,3536,14047
36,56,12838,818
36,57,11233,1220
36,58,3737,10761
36,59,4388,7335
36,60,6661,2188
36,61,3727,8901
37,0,5793,985
37,1,4828,1081
37,2,7996,302
37,3,7494,3084
37,4,5738,2205
37,5,6712,637
37,6,7510,1668
37,7,3067,7620
37,8,1542,17417
37,9,1928,9306
37,10,3300,9171
37,11,5081,5657
37,12,6118,1738
37,13,4737,3398
37,14,7565,2301
37,15,8060,1174
37,16,3232,5093
37,17,5299,1554
37,18,1798,11522
37,19,3796,5981
37,20,4591,4073
37,21,5186,3020
37,22,8064,977
37,23,10819,45
37,24,12942,366
37,25,4337,3165
37,26,2626,7780
37,27,4025,4117
37,28,2266,11533
37,29,1509,19131
37,30,6841,471
37,31,1848,11490
37,32,5913,3205
37,33,6053,2806
37,34,4657,3774
37,35,953,23268
37,36,1338,17079
37,37,0,11001
37,38,2158,12539
37,39,2457,12908
37,40,5807,2417
37,41,2439,16235
37,42,7231,690
37,43,5636,2920
37,44,4666,1086
37,45,1619,10479
37,46,995,19954
37,47,6146,5050
37,48,2552,12752
37,49,6990,1099
37,50,2774,6339
37,51,3196,10984
37,52,2971,19678
37,53,1511,20830
37,54,3588,8732
37,55,3744,7265
37,56,11631,929
37,57,9848,1467
37,58,3524,10989
37,59,4355,5289
37,60,7547,1697
37,61,3941,4936
38,0,3657,2381
38,1,6978,647
38,2,5838,377
38,3,5695,3975
38,4,7528,1628
38,5,4554,1489
38,6,9299,1562
38,7,4602,4253
38,8,2408,17681
38,9,3111,6892
38,10,1764,14350
38,11,2923,13444
38,12,7653,1713
38,13,6271,2852
38,14,5407,4317
38,15,5902,1986
38,16,1694,9813
38,17,3761,2785
38,18,1056,9868
38,19,1638,13283
38,20,2433,8834
38,21,3172,6043
38,22,10214,846
38,23,12917,24
38,24,14944,299
38,25,6487,1636
38,26,4147,4740
38,27,1870,10925
38,28,3800,6531
38,29,3659,6615
38,30,8992,417
38,31,3998,3692
38,32,3755,5806
38,33,3895,6197
38,34,3118,5410
38,35,1513,26754
38,36,1748,14395
38,37,2150,12420
38,38,0,11790
38,39,629,20383
38,40,7957,1275
38,41,901,11527
38,42,5073,1329
38,43,3478,4721
38,44,2530,3370
38,45,2647,8850
38,46,1860,20262
38,47,4439,6568
38,48,4702,4269
38,49,4854,2444
38,50,1733,10363
38,51,1038,22380
38,52,4505,6876
38,53,3045,8910
38,54,5739,3355
38,55,5278,4404
38,56,13782,764
38,57,11998,1024
38,58,1998,15044
38,59,2817,8350
38,60,5389,2624
38,61,5466,2860
39,0,3345,3443
39,1,7442,603
39,2,5990,211
39,3,5847,4169
39,4,7677,1534
39,5,4445,1595
39,6,9448,1509
39,7,4751,4118
39,8,2871,15401
39,9,3575,5144
39,10,2394,13244
39,11,2814,19371
39,12,7032,1881
39,13,5649,3533
39,14,5559,5524
39,15,6028,2962
39,16,2324,10505
39,17,4074,3055
39,18,1519,15255
39,19,1430,23716
39,20,2629,10213
39,21,3324,7531
39,22,10677,642
39,23,13067,34
39,24,15093,317
39,25,6950,1731
39,26,3519,10194
39,27,1571,14578
39,28,3177,13797
39,29,4122,7995
39,30,9318,296
39,31,4461,3965
39,32,3809,5566
39,33,3787,7402
39,34,3723,5238
39,35,1663,28313
39,36,1588,19667
39,37,2613,12617
39,38,629,16361
39,39,0,22046
39,40,8420,1147
39,41,1531,21949
39,42,4985,1366
39,43,3630,4682
39,44,2218,4345
39,45,2019,17891
39,46,2323,17605
39,47,4591,7793
39,48,5165,5589
39,49,4542,3333
39,50,1105,12563
39,51,1668,28650
39,52,4433,11117
39,53,2931,15076
39,54,6202,4261
39,55,4656,8562
39,56,13956,691
39,57,12351,1177
39,58,2626,10911
39,59,3268,9437
39,60,5541,2325
39,61,4838,5639
40,0,11394,253
40,1,1196,3891
40,2,13165,25
40,3,12197,326
40,4,1992,10886
40,5,12241,150
40,6,2878,7918
40,7,4142,2736
40,8,5900,2984
40,9,5619,2460
40,10,7657,1350
40,11,10610,877
40,12,3179,7878
40,13,3499,4797
40,14,12828,288
40,15,13274,120
40,16,8358,514
40,17,10426,175
40,18,6925,654
40,19,9326,632
40,20,9887,465
40,21,10313,383
40,22,2256,5575
40,23,5332,119
40,24,7401,923
40,25,1575,10535
40,26,6759,1824
40,27,9559,554
40,28,6397,1896
40,29,4568,6082
40,30,1382,5559
40,31,4332,3936
40,32,11443,299
40,33,11583,429
40,34,9472,501
40,35,6639,1843
40,36,7026,1368
40,37,5773,1984
40,38,7753,1017
40,39,8055,913
40,40,0,14770
40,41,7566,1128
40,42,12724,74
40,43,10776,270
40,44,10223,205
40,45,7330,895
40,46,6121,1626
40,47,11273,659
40,48,3383,10954
40,49,12542,327
40,50,8449,759
40,51,8726,896
40,52,4627,6237
40,53,5961,3036
40,54,2256,15463
40,55,5079,2963
40,56,5824,2034
40,57,4041,6577
40,58,7221,1725
40,59,9482,535
40,60,12387,138
40,61,5497,1608
41,0,3936,2624
41,1,6955,664
41,2,5693,412
41,3,5054,5060
41,4,7865,1426
41,5,4723,1367
41,6,9636,1475
41,7,5504,4226
41,8,2306,21205
41,9,3009,9739
41,10,863,15061
41,11,3092,13801
41,12,8555,1255
41,13,7173,3078
41,14,5261,4208
41,15,5757,1815
41,16,792,10851
41,17,2860,3460
41,18,1343,9425
41,19,1807,17497
41,20,2320,8582
41,21,2746,5467
41,22,10190,896
41,23,12945,29
41,24,15068,313
41,25,6463,1628
41,26,5048,6930
41,27,2040,13444
41,28,4702,7110
41,29,3635,7531
41,30,8968,448
41,31,3974,4607
41,32,3924,5250
41,33,4064,5629
41,34,2217,6543
41,35,2268,33042
41,36,2650,19220
41,37,2439,15721
41,38,905,12651
41,39,1530,25687
41,40,7933,1592
41,41,0,6279
41,42,5157,1240
41,43,3210,4069
41,44,2705,3316
41,45,3547,7178
41,46,2147,32888
41,47,3707,8864
41,48,4678,5122
41,49,5023,2269
41,50,2633,10442
41,51,1207,23817
41,52,5407,7287
41,53,3947,8423
41,54,5715,3374
41,55,6180,4386
41,56,13758,609
41,57,11975,1418
41,58,1720,20078
41,59,1916,9440
41,60,5243,3126
41,61,6366,3173
42,0,3268,993
42,1,11826,48
42,2,1293,50
42,3,1630,1645
42,4,12277,166
42,5,655,1205
42,6,14048,206
42,7,9351,205
42,8,7177,850
42,9,7586,369
42,10,5636,1077
42,11,2822,2624
42,12,11694,218
42,13,10312,282
42,14,574,1485
42,15,1042,985
42,16,4659,693
42,17,2514,685
42,18,6101,496
42,19,3540,1127
42,20,3157,858
42,21,2578,1053
42,22,15061,137
42,23,17667,2
42,24,19693,36
42,25,11334,101
42,26,7972,785
42,27,4420,979
42,28,7839,602
42,29,8506,309
42,30,13839,45
42,31,8843,214
42,32,1570,1779
42,33,1784,2478
42,34,3649,937
42,35,6262,1045
42,36,6236,962
42,37,7195,512
42,38,5060,914
42,39,5054,1102
42,40,12804,76
42,41,5464,826
42,42,0,755
42,43,2310,1232
42,44,4167,458
42,45,6480,719
42,46,6905,893
42,47,1650,3487
42,48,9549,277
42,49,2013,1931
42,50,5767,735
42,51,4020,1481
42,52,9037,422
42,53,7534,515
42,54,10586,221
42,55,9318,461
42,56,18556,105
42,57,16846,126
42,58,6053,1025
42,59,3555,1341
42,60,1310,1084
42,61,9291,405
43,0,2661,2115
43,1,9988,186
43,2,2783,116
43,3,2559,4365
43,4,10898,391
43,5,1766,1663
43,6,12669,317
43,7,8040,958
43,8,5339,3567
43,9,5977,1542
43,10,3896,6078
43,11,1888,11446
43,12,10542,311
43,13,9160,452
43,14,2352,4273
43,15,2847,972
43,16,2821,5606
43,17,964,2704
43,18,4263,2546
43,19,2389,5745
43,20,1444,6526
43,21,615,4896
43,22,13223,242
43,23,15978,5
43,24,18101,82
43,25,9496,389
43,26,6968,1135
43,27,3416,2471
43,28,6688,1440
43,29,6668,1542
43,30,12001,104
43,31,7007,1072
43,32,850,5648
43,33,1108,8463
43,34,2048,7037
43,35,4952,5080
43,36,4925,2941
43,37,5357,2942
43,38,3749,4612
43,39,3744,4396
43,40,10966,379
43,41,3626,4147
43,42,2168,1619
43,43,0,3430
43,44,3213,1124
43,45,5475,1671
43,46,5067,4519
43,47,1211,10807
43,48,7711,1230
43,49,2067,2681
43,50,4615,1938
43,51,2710,8653
43,52,7726,1576
43,53,6223,2536
43,54,8748,943
43,55,8167,1086
43,56,16791,203
43,57,15008,315
43,58,4444,5300
43,59,1718,9642
43,60,2334,2885
43,61,8286,778
44,0,1327,1022
44,1,9488,40
44,2,5679,25
44,3,5658,948
44,4,9721,174
44,5,3773,589
44,6,11492,172
44,7,6795,258
44,8,4922,1119
44,9,5627,366
44,10,3598,1848
44,11,1917,4251
44,12,8928,207
44,13,7546,735
44,14,4961,1733
44,15,5429,1295
44,16,2251,1668
44,17,3999,747
44,18,3579,1152
44,19,1046,3473
44,20,2453,2490
44,21,3148,2066
44,22,12723,67
44,23,14608,10
44,24,16635,46
44,25,8997,116
44,26,4274,1572
44,27,1105,2658
44,28,4491,944
44,29,6169,644
44,30,11362,29
44,31,6508,311
44,32,3300,1574
44,33,2715,2217
44,34,3648,712
44,35,3710,2557
44,36,3484,2727
44,37,4659,781
44,38,2527,2431
44,39,2375,3373
44,40,10467,165
44,41,3050,2281
44,42,4386,484
44,43,3441,1009
44,44,0,742
44,45,3058,1132
44,46,4373,1276
44,47,4402,1594
44,48,7212,406
44,49,2524,1193
44,50,2741,2012
44,51,1593,4486
44,52,6413,847
44,53,4910,1100
44,54,8248,345
44,55,5976,709
44,56,15733,79
44,57,14395,152
44,58,4435,1137
44,59,3193,1645
44,60,5352,571
44,61,5593,492
45,0,4794,1458
45,1,6443,606
45,2,8010,74
45,3,7930,1968
45,4,6670,1295
45,5,6177,767
45,6,8442,1240
45,7,3748,3799
45,8,2832,8278
45,9,3218,2623
45,10,4587,3801
45,11,4272,8623
45,12,5877,2007
45,13,4495,4094
45,14,7292,3149
45,15,7760,1804
45,16,4517,3081
45,17,6268,786
45,18,3087,6250
45,19,3318,8897
45,20,4725,3134
45,21,5420,2550
45,22,9676,618
45,23,11590,67
45,24,13616,275
45,25,5951,1481
45,26,1500,18218
45,27,3029,11467
45,28,1433,20846
45,29,3123,7599
45,30,8311,280
45,31,3463,3554
45,32,5572,2029
45,33,5319,3005
45,34,5916,1763
45,35,1621,18299
45,36,1075,16183
45,37,1614,9423
45,38,2823,8504
45,39,2195,15757
45,40,7421,1198
45,41,3725,7760
45,42,6717,856
45,43,5713,1469
45,44,3667,2017
45,45,0,11053
45,46,2284,9263
45,47,6674,3398
45,48,4166,5178
45,49,5992,1544
45,50,1776,13071
45,51,3862,8572
45,52,3363,15908
45,53,1861,20875
45,54,5203,4255
45,55,2917,12816
45,56,12714,810
45,57,11344,978
45,58,4813,3463
45,59,5462,3054
45,60,7624,1157
45,61,2818,8866
46,0,5272,1542
46,1,5515,1348
46,2,7137,1127
46,3,6499,7074
46,4,6425,3291
46,5,6119,1319
46,6,8196,2651
46,7,4061,10823
46,8,866,25915
46,9,1572,15569
46,10,2305,16928
46,11,4488,9240
46,12,7112,2211
46,13,5731,3348
46,14,6706,3998
46,15,7201,2452
46,16,2237,8202
46,17,4304,2542
46,18,803,18151
46,19,3204,8319
46,20,3765,5290
46,21,4191,4403
46,22,8750,1709
46,23,11505,56
46,24,13628,666
46,25,5024,3518
46,26,3609,5923
46,27,3437,6021
46,28,3259,9236
46,29,2196,21286
46,30,7528,831
46,31,2535,10031
46,32,5321,5028
46,33,5461,4446
46,34,3661,5424
46,35,824,26383
46,36,1209,20869
46,37,994,20690
46,38,1631,18866
46,39,1933,17782
46,40,6494,2436
46,41,1444,37417
46,42,6602,1185
46,43,4654,3923
46,44,4101,1849
46,45,2109,11558
46,46,0,21785
46,47,5151,7691
46,48,3239,13455
46,49,6420,1889
46,50,2327,9888
46,51,2604,14553
46,52,3965,12393
46,53,2505,13474
46,54,4275,8566
46,55,4738,6166
46,56,12318,1703
46,57,10535,2443
46,58,2529,23161
46,59,3360,7800
46,60,6688,3925
46,61,4928,4540
47,0,3534,3116
47,1,10418,304
47,2,1985,633
47,3,1347,15544
47,4,11328,857
47,5,1161,4020
47,6,13100,805
47,7,9019,1396
47,8,5770,7308
47,9,6138,3154
47,10,4188,11187
47,11,2867,14533
47,12,11521,634
47,13,10139,1153
47,14,1554,13787
47,15,2049,4161
47,16,3374,8563
47,17,1066,7467
47,18,4807,4012
47,19,3368,7885
47,20,2272,10293
47,21,1594,10235
47,22,13654,524
47,23,16409,19
47,24,18532,219
47,25,9927,1027
47,26,7947,2795
47,27,4395,4277
47,28,7667,3003
47,29,7099,3010
47,30,12431,241
47,31,7395,2539
47,32,1423,11816
47,33,1963,10993
47,34,2201,13630
47,35,5811,10340
47,36,5904,6332
47,37,5982,4412
47,38,4448,6510
47,39,4723,7532
47,40,11397,724
47,41,4167,7503
47,42,1534,4500
47,43,1138,11833
47,44,4192,1629
47,45,6455,3121
47,46,5611,8110
47,47,0,27248
47,48,8142,2666
47,49,2279,5361
47,50,5594,3544
47,51,3566,14079
47,52,8705,3445
47,53,7202,3795
47,54,9178,2221
47,55,9146,2403
47,56,17221,419
47,57,15438,754
47,58,4604,12491
47,59,2150,17096
47,60,1536,7799
47,61,9266,1812
48,0,8357,529
48,1,2276,6555
48,2,10222,127
48,3,9396,1875
48,4,3901,6501
48,5,9204,324
48,6,5672,3110
48,7,1765,9552
48,8,2862,15581
48,9,2860,6202
48,10,4620,5290
48,11,7573,2673
48,12,5331,4564
48,13,4027,6690
48,14,9790,795
48,15,10286,470
48,16,5321,2126
48,17,7389,616
48,18,3888,3236
48,19,6289,2705
48,20,6850,1836
48,21,7276,1350
48,22,5576,2947
48,23,8284,100
48,24,10686,819
48,25,1785,19989
48,26,3619,8395
48,27,6522,2036
48,28,3256,10888
48,29,1418,44919
48,30,4289,1755
48,31,1573,27498
48,32,8406,977
48,33,8546,1203
48,34,6453,2079
48,35,3602,13132
48,36,3989,9625
48,37,2735,13073
48,38,4716,3901
48,39,5017,4760
48,40,3319,12158
48,41,4529,4821
48,42,9687,278
48,43,7739,991
48,44,7186,616
48,45,4293,4735
48,46,3084,12018
48,47,8236,2710
48,48,0,34960
48,49,9505,708
48,50,5411,2635
48,51,5689,4484
48,52,2421,28700
48,53,2821,19021
48,54,1104,49091
48,55,3201,11137
48,56,9109,2423
48,57,7360,5192
48,58,4461,6233
48,59,6445,2112
48,60,9586,566
48,61,3402,6434
49,0,1481,2948
49,1,11669,114
49,2,3263,67
49,3,3491,1578
49,4,11902,463
49,5,1366,1951
49,6,13673,628
49,7,8976,270
49,8,7103,1408
49,9,7808,470
49,10,5701,1974
49,11,1944,7604
49,12,11109,830
49,13,9726,965
49,14,2545,3422
49,15,3013,1656
49,16,4439,1456
49,17,2753,1131
49,18,5759,1177
49,19,3301,4008
49,20,2917,2273
49,21,2482,2480
49,22,14904,232
49,23,16789,14
49,24,18815,132
49,25,11178,296
49,26,6455,1520
49,27,3365,2449
49,28,6672,1037
49,29,8349,631
49,30,13542,109
49,31,8689,425
49,32,1476,3226
49,33,1010,4378
49,34,3924,1155
49,35,5891,1818
49,36,5665,2132
49,37,6840,737
49,38,4708,1564
49,39,4555,2203
49,40,12648,344
49,41,5241,1482
49,42,1970,1598
49,43,2275,1916
49,44,2380,821
49,45,5239,1209
49,46,6553,1173
49,47,2358,4224
49,48,9392,602
49,49,0,3296
49,50,4922,1536
49,51,3781,2956
49,52,8594,852
49,53,7091,956
49,54,10429,592
49,55,8156,878
49,56,17913,212
49,57,16576,306
49,58,6291,1403
49,59,3523,2093
49,60,3185,1673
49,61,7774,631
50,0,3702,1859
50,1,7261,346
50,2,6917,129
50,3,6838,2102
50,4,7494,1054
50,5,5084,1019
50,6,9265,977
50,7,4568,1950
50,8,2695,7140
50,9,3400,1975
50,10,3495,4622
50,11,3179,10012
50,12,6701,1256
50,13,5319,2451
50,14,6199,2875
50,15,6667,1944
50,16,3424,3557
50,17,5175,1118
50,18,1996,7027
50,19,2226,9719
50,20,3633,3245
50,21,4327,2983
50,22,10497,416
50,23,12829,53
50,24,14855,179
50,25,6770,835
50,26,2938,9364
50,27,1936,10278
50,28,2846,9848
50,29,3942,3925
50,30,9135,205
50,31,4281,1794
50,32,4479,2322
50,33,4226,3841
50,34,4824,1806
50,35,1483,14086
50,36,1257,9779
50,37,2433,5910
50,38,1730,9138
50,39,1104,10427
50,40,8240,865
50,41,2632,9759
50,42,5624,792
50,43,4620,1802
50,44,2574,2399
50,45,1438,10687
50,46,2146,8889
50,47,5581,3289
50,48,4985,2625
50,49,4899,1994
50,50,0,6697
50,51,2769,9794
50,52,4186,5565
50,53,2684,7865
50,54,6021,2039
50,55,4326,6160
50,56,13773,470
50,57,12168,711
50,58,3723,3646
50,59,4369,3349
50,60,6531,1378
50,61,4256,4223
51,0,2874,5750
51,1,8022,779
51,2,4893,188
51,3,4750,6734
51,4,8933,1846
51,5,3608,2037
51,6,10704,1739
51,7,6110,3414
51,8,3451,16925
51,9,4155,6157
51,10,2009,26854
51,11,1977,28198
51,12,8844,1549
51,13,7462,2623
51,14,4462,6165
51,15,4957,1954
51,16,657,15268
51,17,2724,6571
51,18,2100,13188
51,19,693,18377
51,20,1394,17884
51,21,2226,15178
51,22,11258,1034
51,23,14013,40
51,24,16136,442
51,25,7531,2064
51,26,5331,5289
51,27,1791,14817
51,28,4989,7468
51,29,4703,7341
51,30,10035,465
51,31,5042,4864
51,32,2810,11170
51,33,2950,11664
51,34,2081,13639
51,35,3021,26025
51,36,2995,14675
51,37,3194,10257
51,38,1660,18477
51,39,1813,33484
51,40,9001,1247
51,41,1462,23311
51,42,4127,1913
51,43,2532,10679
51,44,1590,6069
51,45,3831,9244
51,46,2904,17461
51,47,3493,15899
51,48,5746,5775
51,49,3909,5220
51,50,2917,10419
51,51,0,21003
51,52,5796,8369
51,53,4293,10128
51,54,6782,4675
51,55,6468,5439
51,56,14825,959
51,57,13042,1529
51,58,2841,20536
51,59,1780,22280
51,60,4444,3315
51,61,6650,3857
52,0,7542,791
52,1,3490,2889
52,2,9947,52
52,3,9803,1792
52,4,3312,6091
52,5,8652,579
52,6,5083,3427
52,7,561,15949
52,8,4507,8068
52,9,4892,2435
52,10,6265,3912
52,11,7020,3254
52,12,3152,12883
52,13,1772,25237
52,14,9515,1674
52,15,10011,1185
52,16,6196,2420
52,17,8031,801
52,18,4763,4108
52,19,5636,4579
52,20,6585,3121
52,21,7280,1901
52,22,6318,1536
52,23,8701,63
52,24,10728,443
52,25,3005,8479
52,26,2297,23928
52,27,5776,3083
52,28,1935,34213
52,29,3100,25191
52,30,4953,1018
52,31,3648,9982
52,32,7863,1397
52,33,7994,1499
52,34,7621,1960
52,35,3299,28392
52,36,3087,25411
52,37,2968,14751
52,38,4504,6092
52,39,4206,8744
52,40,4542,6359
52,41,5404,6330
52,42,9181,473
52,43,7586,1484
52,44,6415,914
52,45,3368,13190
52,46,3959,10426
52,47,8547,3554
52,48,2501,29310
52,49,8739,959
52,50,4523,4959
52,51,5543,6955
52,52,0,81739
52,53,1500,78540
52,54,2451,29434
52,55,779,30110
52,56,9591,1218
52,57,7986,2300
52,58,6488,3986
52,59,7224,2803
52,60,9497,608
52,61,982,28825
53,0,6043,1083
53,1,4939,1655
53,2,8647,70
53,3,8504,2096
53,4,4811,3317
53,5,7153,617
53,6,6582,2316
53,7,1886,14990
53,8,3208,10305
53,9,3593,3441
53,10,4965,5488
53,11,5521,4380
53,12,4607,4774
53,13,3226,11725
53,14,8216,1966
53,15,8711,1160
53,16,4897,4021
53,17,6731,1255
53,18,3463,6643
53,19,4138,7313
53,20,5286,4694
53,21,5981,2825
53,22,7817,1067
53,23,10200,31
53,24,12227,377
53,25,4448,4588
53,26,1118,27689
53,27,4278,4535
53,28,756,33975
53,29,1801,27722
53,30,6451,546
53,31,2349,10034
53,32,6517,2651
53,33,6495,2060
53,34,6322,2866
53,35,2000,37813
53,36,1588,34666
53,37,1668,17838
53,38,3205,9386
53,39,2708,14732
53,40,5982,3400
53,41,4104,8782
53,42,7693,664
53,43,6287,2756
53,44,4916,1420
53,45,1869,19959
53,46,2660,12366
53,47,7248,4587
53,48,2990,20370
53,49,7240,1197
53,50,3025,7587
53,51,4244,10298
53,52,1502,90500
53,53,0,69764
53,54,3767,16422
53,55,2232,27936
53,56,11090,865
53,57,9485,1621
53,58,5189,5250
53,59,5925,4249
53,60,8198,958
53,61,2430,19456
54,0,9332,406
54,1,1427,8782
54,2,11197,92
54,3,10264,1085
54,4,3054,9201
54,5,10179,270
54,6,4825,5030
54,7,1891,7927
54,8,3837,8388
54,9,3687,3792
54,10,5595,3559
54,11,8548,1804
54,12,4485,6604
54,13,3181,11658
54,14,10765,581
54,15,11260,393
54,16,6296,1410
54,17,8364,439
54,18,4862,1885
54,19,7263,1830
54,20,7824,1330
54,21,8250,755
54,22,4475,3633
54,23,7436,102
54,24,9619,851
54,25,936,19019
54,26,4508,7034
54,27,7497,1712
54,28,4146,8295
54,29,2505,28929
54,30,3440,2601
54,31,2399,18071
54,32,9380,683
54,33,9520,861
54,34,7428,1362
54,35,4577,8545
54,36,4964,6108
54,37,3710,7886
54,38,5691,2438
54,39,5992,3463
54,40,2218,18459
54,41,5503,2585
54,42,10661,204
54,43,8714,550
54,44,8161,403
54,45,5268,3547
54,46,4059,5665
54,47,9211,1854
54,48,1320,43164
54,49,10479,589
54,50,6386,1811
54,51,6663,3027
54,52,2547,28870
54,53,3711,14484
54,54,0,27461
54,55,3327,10475
54,56,8042,2950
54,57,6259,6200
54,58,5288,4461
54,59,7420,1341
54,60,10454,327
54,61,3528,5786
55,0,7095,980
55,1,3938,1501
55,2,10310,54
55,3,10231,1433
55,4,3759,4090
55,5,8477,389
55,6,5530,3152
55,7,1182,5274
55,8,5124,4077
55,9,5510,1527
55,10,6882,2370
55,11,6572,3906
55,12,2965,14210
55,13,1583,21782
55,14,9592,2136
55,15,10060,1256
55,16,6814,1554
55,17,8568,529
55,18,5380,1985
55,19,5619,3922
55,20,7025,1277
55,21,7720,1443
55,22,6764,1207
55,23,9093,55
55,24,11119,452
55,25,3453,3860
55,26,1846,18776
55,27,5329,4798
55,28,1484,32099
55,29,3717,9179
55,30,5399,879
55,31,4266,4035
55,32,7872,946
55,33,7619,1671
55,34,8217,938
55,35,3917,9769
55,36,3375,10041
55,37,3585,4284
55,38,5122,2752
55,39,4495,6274
55,40,4990,3311
55,41,6021,3260
55,42,9017,610
55,43,8013,734
55,44,5967,1020
55,45,2919,11651
55,46,4577,3490
55,47,8974,1965
55,48,3122,10376
55,49,8292,982
55,50,4076,6936
55,51,6161,3569
55,52,621,35864
55,53,2118,21333
55,54,3072,10664
55,55,0,20264
55,56,10038,997
55,57,8432,2122
55,58,7106,2408
55,59,7762,1676
55,60,9924,687
55,61,530,17822
56,0,16728,120
56,1,6995,341
56,2,18965,21
56,3,17996,103
56,4,6312,1567
56,5,18040,77
56,6,4811,3033
56,7,9504,350
56,8,11699,1245
56,9,11419,434
56,10,13456,488
56,11,16206,388
56,12,7086,2066
56,13,8309,1372
56,14,18627,106
56,15,19073,138
56,16,14158,270
56,17,16225,81
56,18,12724,371
56,19,15077,272
56,20,15686,203
56,21,16112,129
56,22,3738,2667
56,23,1456,527
56,24,1576,6509
56,25,7374,735
56,26,11369,624
56,27,14963,373
56,28,11118,545
56,29,10363,998
56,30,4800,1296
56,31,10131,638
56,32,17242,88
56,33,17252,137
56,34,15271,154
56,35,12333,609
56,36,12527,386
56,37,11572,475
56,38,13538,381
56,39,13647,391
56,40,5837,1509
56,41,13365,340
56,42,18523,54
56,43,16575,87
56,44,15601,64
56,45,12553,467
56,46,11921,609
56,47,17072,245
56,48,9182,1314
56,49,17925,149
56,50,13709,291
56,51,14525,471
56,52,9440,787
56,53,10941,576
56,54,8055,1654
56,55,9633,558
56,56,0,10182
56,57,1934,12254
56,58,13020,568
56,59,15281,181
56,60,18186,135
56,61,10050,343
57,0,15398,245
57,1,5199,1063
57,2,17169,17
57,3,16200,140
57,4,4680,3678
57,5,16245,157
57,6,3178,8015
57,7,7871,561
57,8,9903,2394
57,9,9623,1216
57,10,11661,1054
57,11,14614,593
57,12,5862,4064
57,13,6863,2513
57,14,16831,251
57,15,17277,138
57,16,12362,475
57,17,14430,158
57,18,10928,694
57,19,13329,507
57,20,13890,317
57,21,14316,209
57,22,1943,9917
57,23,1682,641
57,24,3513,5546
57,25,5579,2246
57,26,10145,1709
57,27,13562,595
57,28,9894,1082
57,29,8571,2064
57,30,3168,4172
57,31,8335,1856
57,32,15446,179
57,33,15586,273
57,34,13476,321
57,35,10643,1017
57,36,11030,897
57,37,9776,852
57,38,11757,616
57,39,12058,665
57,40,4041,5476
57,41,11569,696
57,42,16727,99
57,43,14780,169
57,44,14226,112
57,45,11329,574
57,46,10125,1112
57,47,15276,525
57,48,7386,3225
57,49,16545,273
57,50,12452,491
57,51,12729,927
57,52,7992,1627
57,53,9493,1059
57,54,6259,3940
57,55,8409,1304
57,56,1937,13526
57,57,0,16933
57,58,11224,1128
57,59,13485,372
57,60,16390,152
57,61,8826,859
58,0,5030,1331
58,1,6582,656
58,2,5944,340
58,3,4975,7411
58,4,8207,1412
58,5,5385,1134
58,6,9978,1220
58,7,6071,2355
58,8,1988,22853
58,9,2233,8417
58,10,861,18612
58,11,4169,7483
58,12,9609,889
58,13,8229,1667
58,14,5729,3854
58,15,6053,1503
58,16,1880,12247
58,17,3487,3196
58,18,1712,11187
58,19,2902,6385
58,20,3252,5921
58,21,3374,4708
58,22,9817,904
58,23,12590,35
58,24,14962,436
58,25,6091,1793
58,26,6121,2338
58,27,3135,3306
58,28,5759,3140
58,29,3747,8256
58,30,8595,540
58,31,3434,5366
58,32,4578,4932
58,33,4831,4173
58,34,2251,8796
58,35,3339,14125
58,36,3724,7710
58,37,3509,9222
58,38,1998,12300
58,39,2606,9373
58,40,7561,1664
58,41,1094,13732
58,42,5781,1035
58,43,3837,4971
58,44,3799,1020
58,45,4623,3104
58,46,2516,16157
58,47,4330,12134
58,48,4306,5857
58,49,5790,1330
58,50,3710,3407
58,51,2302,17271
58,52,6461,3929
58,53,5003,5189
58,54,5342,4422
58,55,7236,2736
58,56,13385,727
58,57,11602,1302
58,58,0,14314
58,59,2585,11245
58,60,5165,2170
58,61,7433,1583
59,0,2786,4163
59,1,8473,447
59,2,3961,180
59,3,3323,7539
59,4,9383,1055
59,5,3030,2183
59,6,11154,953
59,7,7182,1638
59,8,3824,9486
59,9,4432,3680
59,10,2381,17803
59,11,1755,23142
59,12,10232,777
59,13,8850,1361
59,14,3530,5723
59,15,4025,1211
59,16,1428,16256
59,17,1128,6390
59,18,2861,4773
59,19,2079,13668
59,20,838,13112
59,21,1015,10911
59,22,11708,844
59,23,14463,15
59,24,16586,318
59,25,7981,1206
59,26,6720,2537
59,27,3176,6412
59,28,6378,3407
59,29,5153,3554
59,30,10486,317
59,31,5492,2463
59,32,2219,11102
59,33,2455,11267
59,34,719,11541
59,35,3948,9917
59,36,4329,5993
59,37,4118,5019
59,38,2584,8906
59,39,3208,10559
59,40,9451,849
59,41,2222,10103
59,42,3426,1844
59,43,1479,9857
59,44,2975,2291
59,45,5219,3583
59,46,3665,7820
59,47,1975,18746
59,48,6196,3230
59,49,3414,3627
59,50,4305,3910
59,51,1703,22290
59,52,7086,3807
59,53,5626,4201
59,54,7233,2344
59,55,7857,2940
59,56,15276,654
59,57,13492,1173
59,58,2899,13369
59,59,0,14573
59,60,3512,2899
59,61,8038,1751
60,0,4749,1028
60,1,11509,83
60,2,823,330
60,3,550,2843
60,4,12645,254
60,5,2136,2064
60,6,14416,212
60,7,10270,681
60,8,6915,3804
60,9,7104,1162
60,10,5154,3711
60,11,4118,3749
60,12,12773,223
60,13,11390,341
60,14,888,2870
60,15,887,2055
60,16,4691,1523
60,17,2462,1573
60,18,6123,2235
60,19,4619,1693
60,20,3523,1719
60,21,2845,2012
60,22,14744,170
60,23,17517,5
60,24,19848,69
60,25,11018,265
60,26,9198,816
60,27,5646,1326
60,28,8918,778
60,29,8415,957
60,30,13522,73
60,31,8361,554
60,32,2665,3565
60,33,3205,3558
60,34,3167,2564
60,35,7062,3314
60,36,7155,2330
60,37,7233,1807
60,38,5699,2793
60,39,5974,2051
60,40,12488,179
60,41,5484,3024
60,42,1481,1225
60,43,2389,3099
60,44,5443,527
60,45,7706,975
60,46,6927,5278
60,47,1656,8476
60,48,9233,813
60,49,3494,1712
60,50,6846,1430
60,51,4817,2929
60,52,9956,734
60,53,8453,738
60,54,10269,515
60,55,10397,677
60,56,18312,180
60,57,16529,227
60,58,5571,3401
60,59,3481,2851
60,60,0,2123
60,61,10517,503
61,0,6765,644
61,1,4407,607
61,2,10661,36
61,3,10581,1310
61,4,4221,1650
61,5,8828,586
61,6,5914,1187
61,7,1542,3629
61,8,5483,2533
61,9,5868,831
61,10,7238,1635
61,11,6923,3076
61,12,3428,5695
61,13,2046,9112
61,14,9942,2125
61,15,10410,1385
61,16,7168,1146
61,17,8919,596
61,18,5737,1810
61,19,5969,3388
61,20,7376,1333
61,21,8070,1095
61,22,7227,473
61,23,9015,33
61,24,11041,200
61,25,3922,1895
61,26,1318,18549
61,27,5063,3653
61,28,1842,15000
61,29,4076,6251
61,30,5862,309
61,31,4624,2610
61,32,8223,920
61,33,7969,1229
61,34,8567,757
61,35,4271,9570
61,36,3726,9589
61,37,3944,3649
61,38,5474,2634
61,39,4846,4843
61,40,5458,1674
61,41,6375,2653
61,42,9368,538
61,43,8364,756
61,44,5637,661
61,45,2968,8382
61,46,4934,3243
61,47,9325,1709
61,48,3482,5766
61,49,7962,873
61,50,4426,5160
61,51,6512,3630
61,52,982,30091
61,53,2477,17801
61,54,3432,5390
61,55,529,15396
61,56,10139,488
61,57,8895,1179
61,58,7463,1480
61,59,8112,1142
61,60,10275,647
61,61,0,8834
